"","Factor1","Factor1","fungivores","fungivores","bacterivores","bacterivores","carnivores","carnivores","omnivores","omnivores","Tylenchidae","Tylenchidae","herbivores","herbivores","herbivores2","herbivores2","fungivores2","fungivores2"
"1","age_class","samcam","rate","group","rate","group","rate","group","rate","group","rate","group","rate","group","rate","group","rate","group"
"2","B_Sp_young","2","23.5903991741492"," 1","356.504267188599"," 1 ","1.55666048734586"," 12","39.109191018547"," 1","106.561124434436"," 1","180.999012273511"," 1","460.209750622524"," 1234","156.808475280841"," 12"
"3","C_Sp_int1","2","186.055502800871"," 1","376.305456132671"," 1 ","4.20487865000785"," 12","31.556369401926"," 1","110.68277105764"," 1","120.982118670178"," 1","236.516310052023"," 1   ","297.29572354635"," 12"
"4","D_Sp_int2","2","105.850652798173"," 1","414.322205295047"," 1 ","6.87146353187872"," 12","65.0889988570799"," 1","241.990711849136"," 1","250.89224250385"," 1","1117.4406158995","  23 ","420.242451807363"," 12"
"5","E_Sp_old","2","58.4603110270407"," 1","196.185656005345"," 12","0.764643989905424"," 1 ","36.0729091566355"," 1","88.8739434022346"," 1","1153.71220641268"," 1","1271.56349081062","  2 4","151.675357498604"," 1 "
"6","B_Sp_young","4","28.0141805963182"," 1","108.807776094119","  2","17.370849054304"," 12","11.117964621179"," 1","35.4024852045854"," 1","160.05963867239"," 1","483.39259936231"," 1234","96.7266849677972"," 12"
"7","C_Sp_int1","4","38.5000257800573"," 1","279.825758927659"," 12","20.7730710610816"," 12","26.9914193125106"," 1","87.8051863345905"," 1","82.805526488376"," 1","302.60441591484"," 1 3 ","215.94577695221"," 12"
"8","D_Sp_int2","4","113.976535970525"," 1","305.166816479711"," 12","32.8707248497916"," 12","25.5120145939607"," 1","188.81595631223"," 1","150.744154311175"," 1","417.89811262909"," 1  4","320.602980883473"," 12"
"9","E_Sp_old","4","212.777579476488"," 1","454.634083627388"," 1 ","65.4877633836024","  2","87.3896642382638"," 1","199.760068051377"," 1","1119.07851498039"," 1","1438.24457359831","  2 4","518.347605433457","  2"
