"","Tylenchidae","Aphelenchidae","Hoplolaimidae","Cephalobidae","Plectidae","Telotylenchidae"
"1",34.0798850128317,7.95954826071765,5.1165994507345,27.0151632309579,2.07370392547895,2.83084831853619
"2",59.6397923505267,9.55144974840381,16.9177898915059,78.7439197717924,3.05983641156191,7.71156742242796
"3",60.0544844873061,29.4248282710879,20.3648204333592,123.740457447274,3.53058253260933,12.366369645835
"4",94.3995295315709,82.3814545444036,26.9106507939796,140.806611551824,7.65395072905328,27.6793303450674
"5",101.538985973325,94.0947737382515,36.0959070331903,143.0628765088,21.2554617926205,34.3369219270354
"6",156.143491608865,102.381787710546,219.578058538372,276.811049208062,24.4319628359357,52.8900083407458
"7",169.853655726044,103.605680481976,633.051613236737,281.167641525271,33.4860410516349,97.2846343065066
"8",211.432053491992,194.899014830356,662.809104990754,455.61355377789,68.6661193009738,145.508081337352
