"","Tylenchidae","Aphelenchidae","Hoplolaimidae","Cephalobidae","Plectidae","Telotylenchidae"
"1",37.0610142969461,5.9638635768769,7.87415934714585,33.5066619997576,1.86533353195043,0.825947783877447
"2",53.4665457323415,8.72607167847766,8.1899841111496,75.8981860808067,3.06696360737322,12.3947097447999
"3",57.3682951687862,13.2882446651763,9.01708839264025,106.241329127724,3.38571547883277,14.6504077812731
"4",83.211917630657,46.9831150275186,27.7504732626958,123.022897264486,7.73383385053496,15.8382127999292
"5",103.903432961075,86.0768282267814,32.6080564341018,133.229715651495,21.3893008118595,16.1521583532303
"6",142.572478457725,101.15671267473,220.621995874423,299.599005364025,21.9232323880774,28.2718094143894
"7",173.493454514868,114.69653787257,609.69434173066,307.955658181284,32.751864111168,40.4940825213353
"8",178.698543748105,189.222159329962,679.188298549716,388.429459329251,69.2569029467987,132.435995564998
