"","fungivores","bacterivores","carnivores","omnivores","Tylenchidae","herbivores","herbivores2","fungivores2"
"1",0.0355937148844674,0.125973634839294,0.00315622164080974,0.0204537166805318,0.0581739627834209,0.0620574544287064,0.277694384403086,0.0967105310846785
"2",0.0480017948762166,0.15012833866488,0.00943540352193728,0.0259826862421262,0.0689366221735589,0.137636005677528,0.306800351264373,0.165848195511417
"3",0.0512557336379874,0.199094557621684,0.0113292055118956,0.0317852856463573,0.0901757089074779,0.162431044491068,0.434321758317057,0.17495607072449
"4",0.0612674620837576,0.236651125951319,0.0124936439518217,0.0372440302772712,0.0948732336789752,0.215207763578977,0.485891405207694,0.22690567832836
"5",0.0933700472173349,0.319992489466542,0.0257049147013646,0.0380884050496529,0.11098758963824,0.23752191196595,0.623642866667714,0.234246492035913
"6",0.109556681596209,0.379789040959359,0.0285741527187446,0.0383663479270635,0.129622482232769,0.372199896717994,0.641946472918287,0.328743419864717
"7",0.116112964085039,0.409620764468805,0.0329512216279141,0.0420318428426609,0.199028186669764,0.484377011337037,0.654069116204072,0.33740477822971
"8",0.173011863254543,0.440062354052323,0.0504895330536535,0.0465457892914737,0.226795428444768,0.733174107434229,0.800758682964913,0.350402624210578
