"","fungivores","bacterivores"
"R2m",0.157763819614907,0.15776382299669
"R2c",0.157763819614907,0.15776382299669
