"","Tylenchidae","Tylenchidae","Tylenchidae","Tylenchidae","Aphelenchidae","Aphelenchidae","Aphelenchidae","Aphelenchidae","Hoplolaimidae","Hoplolaimidae","Hoplolaimidae","Hoplolaimidae","Cephalobidae","Cephalobidae","Cephalobidae","Cephalobidae","Plectidae","Plectidae","Plectidae","Plectidae","Telotylenchidae","Telotylenchidae","Telotylenchidae","Telotylenchidae"
"1","4","1","37.0610142969461"," 1","1","1","5.9638635768769"," 1","2","1","7.87415934714585"," 1 ","3","1","33.5066619997576"," 1  ","4","1","1.86533353195043"," 1   ","4","1","0.825947783877447"," 1 "
"2","4","2","53.4665457323415"," 1","1","2","8.72607167847766"," 1","2","2","8.1899841111496"," 1 ","4","1","75.8981860808067"," 123","2","1","3.06696360737322"," 12  ","1","1","12.3947097447999"," 12"
"3","3","1","57.3682951687862"," 1","3","1","13.2882446651763"," 1","3","1","9.01708839264025"," 1 ","1","2","106.241329127724"," 12 ","2","2","3.38571547883277"," 12  ","2","2","14.6504077812731"," 12"
"4","1","2","83.211917630657"," 1","2","2","46.9831150275186"," 1","1","2","27.7504732626958"," 12","4","2","123.022897264486"," 123","3","1","7.73383385053496"," 12  ","1","2","15.8382127999292"," 12"
"5","1","1","103.903432961075"," 1","3","2","86.0768282267814"," 1","3","2","32.6080564341018"," 12","3","2","133.229715651495","  23","4","2","21.3893008118595","  234","3","2","16.1521583532303"," 12"
"6","2","2","142.572478457725"," 1","2","1","101.15671267473"," 1","1","1","220.621995874423"," 12","2","1","299.599005364025","  23","1","1","21.9232323880774","  23 ","4","2","28.2718094143894"," 12"
"7","3","2","173.493454514868"," 1","4","1","114.69653787257"," 1","4","2","609.69434173066","  2","1","1","307.955658181284","   3","3","2","32.751864111168","   34","3","1","40.4940825213353"," 12"
"8","2","1","178.698543748105"," 1","4","2","189.222159329962"," 1","4","1","679.188298549716","  2","2","2","388.429459329251","  23","1","2","69.2569029467987","    4","2","1","132.435995564998","  2"
