"","Tylenchidae","Tylenchidae","Tylenchidae","Tylenchidae","Aphelenchidae","Aphelenchidae","Aphelenchidae","Aphelenchidae","Hoplolaimidae","Hoplolaimidae","Hoplolaimidae","Hoplolaimidae","Cephalobidae","Cephalobidae","Cephalobidae","Cephalobidae","Plectidae","Plectidae","Plectidae","Plectidae","Telotylenchidae","Telotylenchidae","Telotylenchidae","Telotylenchidae"
"1","4","1","34.0798850128317"," 12  ","1","1","7.95954826071765"," 12345678","2","2","5.1165994507345"," 1    ","3","1","27.0151632309579"," 12        ","4","1","2.07370392547895"," 1   ","4","1","2.83084831853619"," 1      "
"2","4","2","59.6397923505267","   34","1","2","9.55144974840381"," 12345678","2","1","16.9177898915059","  23  ","4","1","78.7439197717924"," 1 3456    ","2","1","3.05983641156191"," 1   ","1","1","7.71156742242796"," 123    "
"3","3","1","60.0544844873061"," 1 3 ","3","1","29.4248282710879"," 12 4 6  ","3","1","20.3648204333592"," 123  ","4","2","123.740457447274","  2    7890","2","2","3.53058253260933"," 12  ","3","2","12.366369645835"," 12 45  "
"4","1","2","94.3995295315709"," 1234","2","1","82.3814545444036"," 1 345   ","3","2","26.9106507939796"," 123  ","1","2","140.806611551824"," 1234  78  ","3","1","7.65395072905328"," 12  ","4","2","27.6793303450674","  234567"
"5","1","1","101.538985973325"," 1234","3","2","94.0947737382515","   3 5 78","1","2","36.0959070331903"," 12 4 ","3","2","143.0628765088","   34567890","4","2","21.2554617926205","  234","2","2","34.3369219270354"," 1234 6 "
"6","2","2","156.143491608865"," 1234","4","1","102.381787710546"," 123   7 ","1","1","219.578058538372","   3 5","2","1","276.811049208062","   3 5 7 9 ","1","1","24.4319628359357","  23 ","3","1","52.8900083407458","   3  67"
"7","2","1","169.853655726044"," 1234","2","2","103.605680481976","  2   678","4","2","633.051613236737","    45","1","1","281.167641525271","     56  90","3","2","33.4860410516349","   34","1","2","97.2846343065066","    4567"
"8","3","2","211.432053491992","  2 4","4","2","194.899014830356","    456 8","4","1","662.809104990754","    45","2","2","455.61355377789","    4 6 8 0","1","2","68.6661193009738","    4","2","1","145.508081337352","     5 7"
