"","fungivores","bacterivores"
"R2m",0.03661949354048,0.0366195672897887
"R2c",0.0375953704825645,0.0375955446712942
