"","Tylenchidae","Aphelenchidae","Hoplolaimidae","Cephalobidae","Plectidae","Telotylenchidae"
"R2m",0.436409451301534,0.436409451301534,0.436409451301534,0.436409451301534,0.436409451301534,0.436409451301534
"R2c",0.547939467858738,0.547939467858738,0.547939467858738,0.547939467858738,0.547939467858738,0.547939467858738
